5f291c,::1,GET,http://localhost:8000/,1426729778,
2b5b2a,::1,GET,http://localhost:8000/?search=a,1426729783,
61e45b,::1,GET,http://localhost:8000/?search=a,1426729810,
e96722,::1,GET,http://localhost:8000/?search=a,1426730098,
8d3a51,::1,GET,http://localhost:8000/?search=a,1426730120,
d58cd4,::1,GET,http://localhost:8000/?search=a,1426730180,
4fb6b8,::1,GET,http://localhost:8000/?search=kuntal,1426730313,
d939d0,::1,GET,http://localhost:8000/?search=kuntal,1426730327,
3a973f,::1,GET,http://localhost:8000/,1426730352,
916cdf,::1,GET,http://localhost:8000/,1426730355,
fcbbdd,::1,GET,http://localhost:8000/,1426730400,
16efcd,::1,GET,http://localhost:8000/,1426730403,
b10cfe,::1,GET,http://localhost:8000/manage/members,1426730405,
067461,::1,GET,http://localhost:8000/manage/members/add,1426730407,
18466b,::1,POST,http://localhost:8000/manage/members/add,1426730432,
7af113,::1,GET,http://localhost:8000/manage/members,1426730432,
287ad5,::1,GET,http://localhost:8000/,1426730440,
ff2676,::1,GET,http://localhost:8000/,1426730480,
858e70,::1,GET,http://localhost:8000/,1426730486,
26a860,::1,GET,http://localhost:8000/,1426730517,
7e0fad,::1,GET,http://localhost:8000/,1426730519,
7fa4c6,::1,GET,http://localhost:8000/,1426730536,
a8373e,::1,GET,http://localhost:8000/,1426730555,
fdd1fa,::1,GET,http://localhost:8000/,1426730566,
e80fec,::1,GET,http://localhost:8000/,1426730574,
0b4bc8,::1,GET,http://localhost:8000/,1426730586,
6446a6,::1,GET,http://localhost:8000/,1426730973,
1d096b,::1,GET,http://localhost:8000/?search=a,1426730985,
933f39,::1,GET,http://localhost:8000/manage/members,1426731005,
30d6d2,::1,GET,http://localhost:8000/,1426731014,
f11002,::1,GET,http://localhost:8000/,1426731029,
a32f17,::1,GET,http://localhost:8000/,1426731036,
ee8db1,::1,GET,http://localhost:8000/,1426731135,
87eb1d,::1,GET,http://localhost:8000/,1426731190,
6c7b8c,::1,GET,http://localhost:8000/,1426731200,
70a832,::1,GET,http://localhost:8000/,1426731215,
9417c6,::1,GET,http://localhost:8000/manage/members,1426731434,
1ef2aa,::1,GET,http://localhost:8000/,1426731440,
1586ba,::1,GET,http://localhost:8000/?search=xbarton,1426733383,
ba662e,::1,GET,http://localhost:8000/,1426734084,
d2490e,::1,GET,http://localhost:8000/,1426734753,
f2b117,::1,GET,http://localhost:8000/,1426734772,
06f0da,::1,GET,http://localhost:8000/?search=xbarton,1426734856,
58e25f,::1,GET,http://localhost:8000/?search=xbarton,1426734872,
8f8b87,::1,GET,http://localhost:8000/?search=xbarton,1426735018,
2020b6,::1,GET,http://localhost:8000/manage/members,1426735156,
4056a0,::1,GET,http://localhost:8000/?search=bau,1426735163,
70362f,::1,GET,http://localhost:8000/?search=,1426735168,
26ce04,::1,GET,http://localhost:8000/,1426735168,
0d6deb,::1,GET,http://localhost:8000/,1426735194,
c932d5,::1,GET,http://localhost:8000/?search=b,1426735199,
76368c,::1,GET,http://localhost:8000/?search=ba,1426735206,
3bfad8,::1,GET,http://localhost:8000/?search=ba,1426741176,
ffeab9,::1,GET,http://localhost:8000/?search=asd,1426741182,
dadec5,::1,GET,http://localhost:8000/?search=xbarton,1426741193,
7615e3,::1,GET,http://localhost:8000/?search=xbarton,1426741444,
e38320,::1,GET,http://localhost:8000/?search=xbarton,1426741494,
9ba594,::1,GET,http://localhost:8000/?search=xbarton,1426742310,
834380,::1,GET,http://localhost:8000/?search=xbarton,1426742318,
ee378a,::1,GET,http://localhost:8000/?search=xbarton,1426742340,
db06ba,::1,GET,http://localhost:8000/?search=xbarton,1426742351,
01706c,::1,GET,http://localhost:8000/?search=ba,1426742360,
10f28e,::1,GET,http://localhost:8000/?search=ba,1426742583,
b1bbab,::1,GET,http://localhost:8000/?search=nettie.nicolas,1426743002,
eb984e,::1,GET,http://localhost:8000/?search=,1426743020,
9f07dd,::1,GET,http://localhost:8000/,1426743021,
9b3cd8,::1,GET,http://localhost:8000/hirthe.adrienne,1426743948,
cc302e,::1,GET,http://localhost:8000/manage/members,1426743953,
58eff3,::1,GET,http://localhost:8000/hirthe.adrienne,1426743956,
5b6815,::1,GET,http://localhost:8000/manage/members,1426743961,
961bcb,::1,GET,http://localhost:8000/demouser,1426743969,
636e81,::1,GET,http://localhost:8000/manage/members,1426744971,
3b2b9a,::1,GET,http://localhost:8000/?search=kovacek.keara,1426744975,
ebaaa0,::1,GET,http://localhost:8000/?search=kuntal,1426744987,
fc3f7e,::1,GET,http://localhost:8000/?search=kuntal,1426744990,
70f8c0,::1,GET,http://localhost:8000/?search=,1426745002,
3dc4d3,::1,GET,http://localhost:8000/,1426745003,
99ce02,::1,GET,http://localhost:8000/?search=xbar,1426745008,
23e5ff,::1,GET,http://localhost:8000/?search=xbarton,1426745014,
517d13,::1,GET,http://localhost:8000/?search=,1426745020,
e8c6c7,::1,GET,http://localhost:8000/,1426745021,
79071c,::1,GET,http://localhost:8000/,1426745027,
591007,::1,GET,http://localhost:8000/manage/members,1426745042,
e84303,::1,GET,http://localhost:8000/manage/members,1426745183,
9d2871,::1,GET,http://localhost:8000/,1426746343,
bed550,::1,GET,http://localhost:8000/?search=xbarton,1426746350,
d8c37b,::1,GET,http://localhost:8000/,1426746354,
d8ca7d,::1,GET,http://localhost:8000/,1426746356,
9137c3,::1,GET,http://localhost:8000/manage/members,1426746357,
7607cc,::1,GET,http://localhost:8000/,1426747236,
